firstName,lastName,IDNumber,Email
Joe,Mathew,1111,joe@example.com
Jane,Pattinson,1112,jane@example.com
Rachel,Smith,1113,rachel@example.com
Mark,Wood,1114,mark@example.com
John,Liam,1115,john@example.com
James,Cook,1116,james@example.com
Jennifer,Hardy,1117,jennifer@example.com
Robert,Warner,1118,robert@example.com
